,interval_from,interval_to,indices_NDVI_min,indices_NDVI_max,indices_NDVI_mean,indices_NDVI_stDev,indices_NDVI_sampleCount,indices_NDVI_noDataCount,indices_NDVI_percentiles_5.0,indices_NDVI_percentiles_95.0,indices_NDVI_percentiles_50.0,indices_NDVI_RE1_min,indices_NDVI_RE1_max,indices_NDVI_RE1_mean,indices_NDVI_RE1_stDev,indices_NDVI_RE1_sampleCount,indices_NDVI_RE1_noDataCount,indices_NDVI_RE1_percentiles_5.0,indices_NDVI_RE1_percentiles_95.0,indices_NDVI_RE1_percentiles_50.0,indices_NBSI_min,indices_NBSI_max,indices_NBSI_mean,indices_NBSI_stDev,indices_NBSI_sampleCount,indices_NBSI_noDataCount,indices_NBSI_percentiles_5.0,indices_NBSI_percentiles_95.0,indices_NBSI_percentiles_50.0,indices_CLP_min,indices_CLP_max,indices_CLP_mean,indices_CLP_stDev,indices_CLP_sampleCount,indices_CLP_noDataCount,indices_CLP_percentiles_5.0,indices_CLP_percentiles_95.0,indices_CLP_percentiles_50.0,masks_CLM_min,masks_CLM_max,masks_CLM_mean,masks_CLM_stDev,masks_CLM_sampleCount,masks_CLM_noDataCount,masks_CLM_percentiles_5.0,masks_CLM_percentiles_95.0,masks_CLM_percentiles_50.0,bands_B01_min,bands_B01_max,bands_B01_mean,bands_B01_stDev,bands_B01_sampleCount,bands_B01_noDataCount,bands_B01_percentiles_5.0,bands_B01_percentiles_95.0,bands_B01_percentiles_50.0,bands_B02_min,bands_B02_max,bands_B02_mean,bands_B02_stDev,bands_B02_sampleCount,bands_B02_noDataCount,bands_B02_percentiles_5.0,bands_B02_percentiles_95.0,bands_B02_percentiles_50.0,bands_B03_min,bands_B03_max,bands_B03_mean,bands_B03_stDev,bands_B03_sampleCount,bands_B03_noDataCount,bands_B03_percentiles_5.0,bands_B03_percentiles_95.0,bands_B03_percentiles_50.0,bands_B04_min,bands_B04_max,bands_B04_mean,bands_B04_stDev,bands_B04_sampleCount,bands_B04_noDataCount,bands_B04_percentiles_5.0,bands_B04_percentiles_95.0,bands_B04_percentiles_50.0,bands_B05_min,bands_B05_max,bands_B05_mean,bands_B05_stDev,bands_B05_sampleCount,bands_B05_noDataCount,bands_B05_percentiles_5.0,bands_B05_percentiles_95.0,bands_B05_percentiles_50.0,bands_B06_min,bands_B06_max,bands_B06_mean,bands_B06_stDev,bands_B06_sampleCount,bands_B06_noDataCount,bands_B06_percentiles_5.0,bands_B06_percentiles_95.0,bands_B06_percentiles_50.0,bands_B07_min,bands_B07_max,bands_B07_mean,bands_B07_stDev,bands_B07_sampleCount,bands_B07_noDataCount,bands_B07_percentiles_5.0,bands_B07_percentiles_95.0,bands_B07_percentiles_50.0,bands_B08_min,bands_B08_max,bands_B08_mean,bands_B08_stDev,bands_B08_sampleCount,bands_B08_noDataCount,bands_B08_percentiles_5.0,bands_B08_percentiles_95.0,bands_B08_percentiles_50.0,bands_B8A_min,bands_B8A_max,bands_B8A_mean,bands_B8A_stDev,bands_B8A_sampleCount,bands_B8A_noDataCount,bands_B8A_percentiles_5.0,bands_B8A_percentiles_95.0,bands_B8A_percentiles_50.0,bands_B09_min,bands_B09_max,bands_B09_mean,bands_B09_stDev,bands_B09_sampleCount,bands_B09_noDataCount,bands_B09_percentiles_5.0,bands_B09_percentiles_95.0,bands_B09_percentiles_50.0,bands_B11_min,bands_B11_max,bands_B11_mean,bands_B11_stDev,bands_B11_sampleCount,bands_B11_noDataCount,bands_B11_percentiles_5.0,bands_B11_percentiles_95.0,bands_B11_percentiles_50.0,bands_B12_min,bands_B12_max,bands_B12_mean,bands_B12_stDev,bands_B12_sampleCount,bands_B12_noDataCount,bands_B12_percentiles_5.0,bands_B12_percentiles_95.0,bands_B12_percentiles_50.0
0,2022-01-05,2022-01-06,0.0372,0.0372,0.0372,0.0,1,0,0.0372,0.0372,0.0372,0.0196,0.0196,0.0196,0.0,1,0,0.0196,0.0196,0.0196,-0.379,-0.379,-0.379,0.0,1,0,-0.379,-0.379,-0.379,0.255,0.255,0.255,0.0,1,0,0.255,0.255,0.255,0.0,0.0,0.0,0.0,1,0,0.0,0.0,0.0,0.089,0.089,0.089,0.0,1,0,0.089,0.089,0.089,0.0692,0.0692,0.0692,0.0,1,0,0.0692,0.0692,0.0692,0.0413,0.0413,0.0413,0.0,1,0,0.0413,0.0413,0.0413,0.0337,0.0337,0.0337,0.0,1,0,0.0337,0.0337,0.0337,0.0349,0.0349,0.0349,0.0,1,0,0.0349,0.0349,0.0349,0.0368,0.0368,0.0368,0.0,1,0,0.0368,0.0368,0.0368,0.0367,0.0367,0.0367,0.0,1,0,0.0367,0.0367,0.0367,0.0363,0.0363,0.0363,0.0,1,0,0.0363,0.0363,0.0363,0.035,0.035,0.035,0.0,1,0,0.035,0.035,0.035,0.0142,0.0142,0.0142,0.0,1,0,0.0142,0.0142,0.0142,0.0138,0.0138,0.0138,0.0,1,0,0.0138,0.0138,0.0138,0.0094,0.0094,0.0094,0.0,1,0,0.0094,0.0094,0.0094
1,2022-01-10,2022-01-11,-0.119,-0.119,-0.119,0.0,1,0,-0.119,-0.119,-0.119,-0.1396,-0.1396,-0.1396,0.0,1,0,-0.1396,-0.1396,-0.1396,0.1558,0.1558,0.1558,0.0,1,0,0.1558,0.1558,0.1558,0.298,0.298,0.298,0.0,1,0,0.298,0.298,0.298,0.0,0.0,0.0,0.0,1,0,0.0,0.0,0.0,0.0498,0.0498,0.0498,0.0,1,0,0.0498,0.0498,0.0498,0.0503,0.0503,0.0503,0.0,1,0,0.0503,0.0503,0.0503,0.0493,0.0493,0.0493,0.0,1,0,0.0493,0.0493,0.0493,0.0658,0.0658,0.0658,0.0,1,0,0.0658,0.0658,0.0658,0.0686,0.0686,0.0686,0.0,1,0,0.0686,0.0686,0.0686,0.0474,0.0474,0.0474,0.0,1,0,0.0474,0.0474,0.0474,0.0469,0.0469,0.0469,0.0,1,0,0.0469,0.0469,0.0469,0.0518,0.0518,0.0518,0.0,1,0,0.0518,0.0518,0.0518,0.0531,0.0531,0.0531,0.0,1,0,0.0531,0.0531,0.0531,0.061,0.061,0.061,0.0,1,0,0.061,0.061,0.061,0.074,0.074,0.074,0.0,1,0,0.074,0.074,0.074,0.0622,0.0622,0.0622,0.0,1,0,0.0622,0.0622,0.0622
2,2022-01-30,2022-01-31,0.0586,0.0586,0.0586,0.0,1,0,0.0586,0.0586,0.0586,0.0056,0.0056,0.0056,0.0,1,0,0.0056,0.0056,0.0056,0.093,0.093,0.093,0.0,1,0,0.093,0.093,0.093,0.3804,0.3804,0.3804,0.0,1,0,0.3804,0.3804,0.3804,0.0,0.0,0.0,0.0,1,0,0.0,0.0,0.0,0.0793,0.0793,0.0793,0.0,1,0,0.0793,0.0793,0.0793,0.0845,0.0845,0.0845,0.0,1,0,0.0845,0.0845,0.0845,0.0956,0.0956,0.0956,0.0,1,0,0.0956,0.0956,0.0956,0.1045,0.1045,0.1045,0.0,1,0,0.1045,0.1045,0.1045,0.1162,0.1162,0.1162,0.0,1,0,0.1162,0.1162,0.1162,0.1082,0.1082,0.1082,0.0,1,0,0.1082,0.1082,0.1082,0.1084,0.1084,0.1084,0.0,1,0,0.1084,0.1084,0.1084,0.1175,0.1175,0.1175,0.0,1,0,0.1175,0.1175,0.1175,0.1155,0.1155,0.1155,0.0,1,0,0.1155,0.1155,0.1155,0.1261,0.1261,0.1261,0.0,1,0,0.1261,0.1261,0.1261,0.1389,0.1389,0.1389,0.0,1,0,0.1389,0.1389,0.1389,0.128,0.128,0.128,0.0,1,0,0.128,0.128,0.128
3,2022-02-19,2022-02-20,0.048,0.048,0.048,0.0,1,0,0.048,0.048,0.048,0.0122,0.0122,0.0122,0.0,1,0,0.0122,0.0122,0.0122,0.2608,0.2608,0.2608,0.0,1,0,0.2608,0.2608,0.2608,0.0824,0.0824,0.0824,0.0,1,0,0.0824,0.0824,0.0824,0.0,0.0,0.0,0.0,1,0,0.0,0.0,0.0,0.0149,0.0149,0.0149,0.0,1,0,0.0149,0.0149,0.0149,0.0474,0.0474,0.0474,0.0,1,0,0.0474,0.0474,0.0474,0.0587,0.0587,0.0587,0.0,1,0,0.0587,0.0587,0.0587,0.0794,0.0794,0.0794,0.0,1,0,0.0794,0.0794,0.0794,0.0853,0.0853,0.0853,0.0,1,0,0.0853,0.0853,0.0853,0.0657,0.0657,0.0657,0.0,1,0,0.0657,0.0657,0.0657,0.0669,0.0669,0.0669,0.0,1,0,0.0669,0.0669,0.0669,0.0874,0.0874,0.0874,0.0,1,0,0.0874,0.0874,0.0874,0.0784,0.0784,0.0784,0.0,1,0,0.0784,0.0784,0.0784,0.0565,0.0565,0.0565,0.0,1,0,0.0565,0.0565,0.0565,0.1505,0.1505,0.1505,0.0,1,0,0.1505,0.1505,0.1505,0.1435,0.1435,0.1435,0.0,1,0,0.1435,0.1435,0.1435
4,2022-02-26,2022-02-27,-0.0164,-0.0164,-0.0164,0.0,1,0,-0.0164,-0.0164,-0.0164,-0.0474,-0.0474,-0.0474,0.0,1,0,-0.0474,-0.0474,-0.0474,0.199,0.199,0.199,0.0,1,0,0.199,0.199,0.199,0.2352,0.2352,0.2352,0.0,1,0,0.2352,0.2352,0.2352,0.0,0.0,0.0,0.0,1,0,0.0,0.0,0.0,0.0478,0.0478,0.0478,0.0,1,0,0.0478,0.0478,0.0478,0.0581,0.0581,0.0581,0.0,1,0,0.0581,0.0581,0.0581,0.0735,0.0735,0.0735,0.0,1,0,0.0735,0.0735,0.0735,0.0955,0.0955,0.0955,0.0,1,0,0.0955,0.0955,0.0955,0.1016,0.1016,0.1016,0.0,1,0,0.1016,0.1016,0.1016,0.0826,0.0826,0.0826,0.0,1,0,0.0826,0.0826,0.0826,0.0827,0.0827,0.0827,0.0,1,0,0.0827,0.0827,0.0827,0.0924,0.0924,0.0924,0.0,1,0,0.0924,0.0924,0.0924,0.0916,0.0916,0.0916,0.0,1,0,0.0916,0.0916,0.0916,0.0908,0.0908,0.0908,0.0,1,0,0.0908,0.0908,0.0908,0.1298,0.1298,0.1298,0.0,1,0,0.1298,0.1298,0.1298,0.1082,0.1082,0.1082,0.0,1,0,0.1082,0.1082,0.1082
5,2022-03-03,2022-03-04,0.0592,0.0592,0.0592,0.0,1,0,0.0592,0.0592,0.0592,0.0252,0.0252,0.0252,0.0,1,0,0.0252,0.0252,0.0252,0.1662,0.1662,0.1662,0.0,1,0,0.1662,0.1662,0.1662,0.051,0.051,0.051,0.0,1,0,0.051,0.051,0.051,0.0,0.0,0.0,0.0,1,0,0.0,0.0,0.0,0.0888,0.0888,0.0888,0.0,1,0,0.0888,0.0888,0.0888,0.1188,0.1188,0.1188,0.0,1,0,0.1188,0.1188,0.1188,0.1395,0.1395,0.1395,0.0,1,0,0.1395,0.1395,0.1395,0.1738,0.1738,0.1738,0.0,1,0,0.1738,0.1738,0.1738,0.1861,0.1861,0.1861,0.0,1,0,0.1861,0.1861,0.1861,0.1717,0.1717,0.1717,0.0,1,0,0.1717,0.1717,0.1717,0.1757,0.1757,0.1757,0.0,1,0,0.1757,0.1757,0.1757,0.1957,0.1957,0.1957,0.0,1,0,0.1957,0.1957,0.1957,0.1867,0.1867,0.1867,0.0,1,0,0.1867,0.1867,0.1867,0.1854,0.1854,0.1854,0.0,1,0,0.1854,0.1854,0.1854,0.2661,0.2661,0.2661,0.0,1,0,0.2661,0.2661,0.2661,0.2652,0.2652,0.2652,0.0,1,0,0.2652,0.2652,0.2652
6,2022-03-06,2022-03-07,0.055,0.055,0.055,0.0,1,0,0.055,0.055,0.055,0.0276,0.0276,0.0276,0.0,1,0,0.0276,0.0276,0.0276,0.1678,0.1678,0.1678,0.0,1,0,0.1678,0.1678,0.1678,0.055,0.055,0.055,0.0,1,0,0.055,0.055,0.055,0.0,0.0,0.0,0.0,1,0,0.0,0.0,0.0,0.1081,0.1081,0.1081,0.0,1,0,0.1081,0.1081,0.1081,0.134,0.134,0.134,0.0,1,0,0.134,0.134,0.134,0.1583,0.1583,0.1583,0.0,1,0,0.1583,0.1583,0.1583,0.1953,0.1953,0.1953,0.0,1,0,0.1953,0.1953,0.1953,0.2063,0.2063,0.2063,0.0,1,0,0.2063,0.2063,0.2063,0.1967,0.1967,0.1967,0.0,1,0,0.1967,0.1967,0.1967,0.201,0.201,0.201,0.0,1,0,0.201,0.201,0.201,0.218,0.218,0.218,0.0,1,0,0.218,0.218,0.218,0.2129,0.2129,0.2129,0.0,1,0,0.2129,0.2129,0.2129,0.2126,0.2126,0.2126,0.0,1,0,0.2126,0.2126,0.2126,0.2986,0.2986,0.2986,0.0,1,0,0.2986,0.2986,0.2986,0.2981,0.2981,0.2981,0.0,1,0,0.2981,0.2981,0.2981
7,2022-03-08,2022-03-09,0.0588,0.0588,0.0588,0.0,1,0,0.0588,0.0588,0.0588,0.0312,0.0312,0.0312,0.0,1,0,0.0312,0.0312,0.0312,0.1662,0.1662,0.1662,0.0,1,0,0.1662,0.1662,0.1662,0.0706,0.0706,0.0706,0.0,1,0,0.0706,0.0706,0.0706,0.0,0.0,0.0,0.0,1,0,0.0,0.0,0.0,0.1145,0.1145,0.1145,0.0,1,0,0.1145,0.1145,0.1145,0.1385,0.1385,0.1385,0.0,1,0,0.1385,0.1385,0.1385,0.1707,0.1707,0.1707,0.0,1,0,0.1707,0.1707,0.1707,0.2095,0.2095,0.2095,0.0,1,0,0.2095,0.2095,0.2095,0.2214,0.2214,0.2214,0.0,1,0,0.2214,0.2214,0.2214,0.2106,0.2106,0.2106,0.0,1,0,0.2106,0.2106,0.2106,0.2144,0.2144,0.2144,0.0,1,0,0.2144,0.2144,0.2144,0.2357,0.2357,0.2357,0.0,1,0,0.2357,0.2357,0.2357,0.2275,0.2275,0.2275,0.0,1,0,0.2275,0.2275,0.2275,0.2263,0.2263,0.2263,0.0,1,0,0.2263,0.2263,0.2263,0.3139,0.3139,0.3139,0.0,1,0,0.3139,0.3139,0.3139,0.307,0.307,0.307,0.0,1,0,0.307,0.307,0.307
8,2022-03-11,2022-03-12,0.0576,0.0576,0.0576,0.0,1,0,0.0576,0.0576,0.0576,0.026,0.026,0.026,0.0,1,0,0.026,0.026,0.026,0.1632,0.1632,0.1632,0.0,1,0,0.1632,0.1632,0.1632,0.051,0.051,0.051,0.0,1,0,0.051,0.051,0.051,0.0,0.0,0.0,0.0,1,0,0.0,0.0,0.0,0.1183,0.1183,0.1183,0.0,1,0,0.1183,0.1183,0.1183,0.1388,0.1388,0.1388,0.0,1,0,0.1388,0.1388,0.1388,0.1697,0.1697,0.1697,0.0,1,0,0.1697,0.1697,0.1697,0.2063,0.2063,0.2063,0.0,1,0,0.2063,0.2063,0.2063,0.2198,0.2198,0.2198,0.0,1,0,0.2198,0.2198,0.2198,0.213,0.213,0.213,0.0,1,0,0.213,0.213,0.213,0.2169,0.2169,0.2169,0.0,1,0,0.2169,0.2169,0.2169,0.2315,0.2315,0.2315,0.0,1,0,0.2315,0.2315,0.2315,0.2285,0.2285,0.2285,0.0,1,0,0.2285,0.2285,0.2285,0.2307,0.2307,0.2307,0.0,1,0,0.2307,0.2307,0.2307,0.3085,0.3085,0.3085,0.0,1,0,0.3085,0.3085,0.3085,0.3075,0.3075,0.3075,0.0,1,0,0.3075,0.3075,0.3075
9,2022-03-16,2022-03-17,0.083,0.083,0.083,0.0,1,0,0.083,0.083,0.083,0.0446,0.0446,0.0446,0.0,1,0,0.0446,0.0446,0.0446,0.163,0.163,0.163,0.0,1,0,0.163,0.163,0.163,0.0432,0.0432,0.0432,0.0,1,0,0.0432,0.0432,0.0432,0.0,0.0,0.0,0.0,1,0,0.0,0.0,0.0,0.0955,0.0955,0.0955,0.0,1,0,0.0955,0.0955,0.0955,0.1214,0.1214,0.1214,0.0,1,0,0.1214,0.1214,0.1214,0.1466,0.1466,0.1466,0.0,1,0,0.1466,0.1466,0.1466,0.1782,0.1782,0.1782,0.0,1,0,0.1782,0.1782,0.1782,0.1925,0.1925,0.1925,0.0,1,0,0.1925,0.1925,0.1925,0.1952,0.1952,0.1952,0.0,1,0,0.1952,0.1952,0.1952,0.2013,0.2013,0.2013,0.0,1,0,0.2013,0.2013,0.2013,0.2105,0.2105,0.2105,0.0,1,0,0.2105,0.2105,0.2105,0.2102,0.2102,0.2102,0.0,1,0,0.2102,0.2102,0.2102,0.2137,0.2137,0.2137,0.0,1,0,0.2137,0.2137,0.2137,0.2829,0.2829,0.2829,0.0,1,0,0.2829,0.2829,0.2829,0.2845,0.2845,0.2845,0.0,1,0,0.2845,0.2845,0.2845
10,2022-03-18,2022-03-19,0.0998,0.0998,0.0998,0.0,1,0,0.0998,0.0998,0.0998,0.0534,0.0534,0.0534,0.0,1,0,0.0534,0.0534,0.0534,0.1502,0.1502,0.1502,0.0,1,0,0.1502,0.1502,0.1502,0.0746,0.0746,0.0746,0.0,1,0,0.0746,0.0746,0.0746,0.0,0.0,0.0,0.0,1,0,0.0,0.0,0.0,0.1032,0.1032,0.1032,0.0,1,0,0.1032,0.1032,0.1032,0.1205,0.1205,0.1205,0.0,1,0,0.1205,0.1205,0.1205,0.1478,0.1478,0.1478,0.0,1,0,0.1478,0.1478,0.1478,0.1775,0.1775,0.1775,0.0,1,0,0.1775,0.1775,0.1775,0.1949,0.1949,0.1949,0.0,1,0,0.1949,0.1949,0.1949,0.1997,0.1997,0.1997,0.0,1,0,0.1997,0.1997,0.1997,0.204,0.204,0.204,0.0,1,0,0.204,0.204,0.204,0.2169,0.2169,0.2169,0.0,1,0,0.2169,0.2169,0.2169,0.2143,0.2143,0.2143,0.0,1,0,0.2143,0.2143,0.2143,0.218,0.218,0.218,0.0,1,0,0.218,0.218,0.218,0.2791,0.2791,0.2791,0.0,1,0,0.2791,0.2791,0.2791,0.2715,0.2715,0.2715,0.0,1,0,0.2715,0.2715,0.2715
11,2022-03-21,2022-03-22,0.1182,0.1182,0.1182,0.0,1,0,0.1182,0.1182,0.1182,0.0766,0.0766,0.0766,0.0,1,0,0.0766,0.0766,0.0766,0.135,0.135,0.135,0.0,1,0,0.135,0.135,0.135,0.1294,0.1294,0.1294,0.0,1,0,0.1294,0.1294,0.1294,0.0,0.0,0.0,0.0,1,0,0.0,0.0,0.0,0.1021,0.1021,0.1021,0.0,1,0,0.1021,0.1021,0.1021,0.1175,0.1175,0.1175,0.0,1,0,0.1175,0.1175,0.1175,0.1459,0.1459,0.1459,0.0,1,0,0.1459,0.1459,0.1459,0.1746,0.1746,0.1746,0.0,1,0,0.1746,0.1746,0.1746,0.1899,0.1899,0.1899,0.0,1,0,0.1899,0.1899,0.1899,0.2007,0.2007,0.2007,0.0,1,0,0.2007,0.2007,0.2007,0.2065,0.2065,0.2065,0.0,1,0,0.2065,0.2065,0.2065,0.2214,0.2214,0.2214,0.0,1,0,0.2214,0.2214,0.2214,0.2162,0.2162,0.2162,0.0,1,0,0.2162,0.2162,0.2162,0.2158,0.2158,0.2158,0.0,1,0,0.2158,0.2158,0.2158,0.2701,0.2701,0.2701,0.0,1,0,0.2701,0.2701,0.2701,0.2627,0.2627,0.2627,0.0,1,0,0.2627,0.2627,0.2627
12,2022-03-23,2022-03-24,0.1312,0.1312,0.1312,0.0,1,0,0.1312,0.1312,0.1312,0.0834,0.0834,0.0834,0.0,1,0,0.0834,0.0834,0.0834,0.1112,0.1112,0.1112,0.0,1,0,0.1112,0.1112,0.1112,0.1372,0.1372,0.1372,0.0,1,0,0.1372,0.1372,0.1372,0.0,0.0,0.0,0.0,1,0,0.0,0.0,0.0,0.0889,0.0889,0.0889,0.0,1,0,0.0889,0.0889,0.0889,0.1146,0.1146,0.1146,0.0,1,0,0.1146,0.1146,0.1146,0.1362,0.1362,0.1362,0.0,1,0,0.1362,0.1362,0.1362,0.1586,0.1586,0.1586,0.0,1,0,0.1586,0.1586,0.1586,0.1747,0.1747,0.1747,0.0,1,0,0.1747,0.1747,0.1747,0.186,0.186,0.186,0.0,1,0,0.186,0.186,0.186,0.1928,0.1928,0.1928,0.0,1,0,0.1928,0.1928,0.1928,0.2065,0.2065,0.2065,0.0,1,0,0.2065,0.2065,0.2065,0.1995,0.1995,0.1995,0.0,1,0,0.1995,0.1995,0.1995,0.2028,0.2028,0.2028,0.0,1,0,0.2028,0.2028,0.2028,0.2428,0.2428,0.2428,0.0,1,0,0.2428,0.2428,0.2428,0.2374,0.2374,0.2374,0.0,1,0,0.2374,0.2374,0.2374
13,2022-03-26,2022-03-27,0.1376,0.1376,0.1376,0.0,1,0,0.1376,0.1376,0.1376,0.0856,0.0856,0.0856,0.0,1,0,0.0856,0.0856,0.0856,0.1214,0.1214,0.1214,0.0,1,0,0.1214,0.1214,0.1214,0.1764,0.1764,0.1764,0.0,1,0,0.1764,0.1764,0.1764,0.0,0.0,0.0,0.0,1,0,0.0,0.0,0.0,0.0996,0.0996,0.0996,0.0,1,0,0.0996,0.0996,0.0996,0.122,0.122,0.122,0.0,1,0,0.122,0.122,0.122,0.1458,0.1458,0.1458,0.0,1,0,0.1458,0.1458,0.1458,0.172,0.172,0.172,0.0,1,0,0.172,0.172,0.172,0.1911,0.1911,0.1911,0.0,1,0,0.1911,0.1911,0.1911,0.2096,0.2096,0.2096,0.0,1,0,0.2096,0.2096,0.2096,0.2179,0.2179,0.2179,0.0,1,0,0.2179,0.2179,0.2179,0.2269,0.2269,0.2269,0.0,1,0,0.2269,0.2269,0.2269,0.2259,0.2259,0.2259,0.0,1,0,0.2259,0.2259,0.2259,0.2295,0.2295,0.2295,0.0,1,0,0.2295,0.2295,0.2295,0.2733,0.2733,0.2733,0.0,1,0,0.2733,0.2733,0.2733,0.2666,0.2666,0.2666,0.0,1,0,0.2666,0.2666,0.2666
14,2022-04-10,2022-04-11,0.3482,0.3482,0.3482,0.0,1,0,0.3482,0.3482,0.3482,0.2436,0.2436,0.2436,0.0,1,0,0.2436,0.2436,0.2436,-0.0066,-0.0066,-0.0066,0.0,1,0,-0.0066,-0.0066,-0.0066,0.2156,0.2156,0.2156,0.0,1,0,0.2156,0.2156,0.2156,0.0,0.0,0.0,0.0,1,0,0.0,0.0,0.0,0.0396,0.0396,0.0396,0.0,1,0,0.0396,0.0396,0.0396,0.0469,0.0469,0.0469,0.0,1,0,0.0469,0.0469,0.0469,0.0663,0.0663,0.0663,0.0,1,0,0.0663,0.0663,0.0663,0.0775,0.0775,0.0775,0.0,1,0,0.0775,0.0775,0.0775,0.0975,0.0975,0.0975,0.0,1,0,0.0975,0.0975,0.0975,0.1391,0.1391,0.1391,0.0,1,0,0.1391,0.1391,0.1391,0.1506,0.1506,0.1506,0.0,1,0,0.1506,0.1506,0.1506,0.1603,0.1603,0.1603,0.0,1,0,0.1603,0.1603,0.1603,0.1588,0.1588,0.1588,0.0,1,0,0.1588,0.1588,0.1588,0.1656,0.1656,0.1656,0.0,1,0,0.1656,0.1656,0.1656,0.127,0.127,0.127,0.0,1,0,0.127,0.127,0.127,0.0968,0.0968,0.0968,0.0,1,0,0.0968,0.0968,0.0968
15,2022-04-17,2022-04-18,0.2488,0.2488,0.2488,0.0,1,0,0.2488,0.2488,0.2488,0.1736,0.1736,0.1736,0.0,1,0,0.1736,0.1736,0.1736,0.0712,0.0712,0.0712,0.0,1,0,0.0712,0.0712,0.0712,0.2078,0.2078,0.2078,0.0,1,0,0.2078,0.2078,0.2078,0.0,0.0,0.0,0.0,1,0,0.0,0.0,0.0,0.0887,0.0887,0.0887,0.0,1,0,0.0887,0.0887,0.0887,0.1056,0.1056,0.1056,0.0,1,0,0.1056,0.1056,0.1056,0.1367,0.1367,0.1367,0.0,1,0,0.1367,0.1367,0.1367,0.1612,0.1612,0.1612,0.0,1,0,0.1612,0.1612,0.1612,0.1887,0.1887,0.1887,0.0,1,0,0.1887,0.1887,0.1887,0.2364,0.2364,0.2364,0.0,1,0,0.2364,0.2364,0.2364,0.2474,0.2474,0.2474,0.0,1,0,0.2474,0.2474,0.2474,0.268,0.268,0.268,0.0,1,0,0.268,0.268,0.268,0.2588,0.2588,0.2588,0.0,1,0,0.2588,0.2588,0.2588,0.26,0.26,0.26,0.0,1,0,0.26,0.26,0.26,0.2696,0.2696,0.2696,0.0,1,0,0.2696,0.2696,0.2696,0.2422,0.2422,0.2422,0.0,1,0,0.2422,0.2422,0.2422
16,2022-04-20,2022-04-21,0.2644,0.2644,0.2644,0.0,1,0,0.2644,0.2644,0.2644,0.178,0.178,0.178,0.0,1,0,0.178,0.178,0.178,0.0688,0.0688,0.0688,0.0,1,0,0.0688,0.0688,0.0688,0.3176,0.3176,0.3176,0.0,1,0,0.3176,0.3176,0.3176,0.0,0.0,0.0,0.0,1,0,0.0,0.0,0.0,0.0791,0.0791,0.0791,0.0,1,0,0.0791,0.0791,0.0791,0.0933,0.0933,0.0933,0.0,1,0,0.0933,0.0933,0.0933,0.1248,0.1248,0.1248,0.0,1,0,0.1248,0.1248,0.1248,0.1482,0.1482,0.1482,0.0,1,0,0.1482,0.1482,0.1482,0.1777,0.1777,0.1777,0.0,1,0,0.1777,0.1777,0.1777,0.2318,0.2318,0.2318,0.0,1,0,0.2318,0.2318,0.2318,0.2458,0.2458,0.2458,0.0,1,0,0.2458,0.2458,0.2458,0.2547,0.2547,0.2547,0.0,1,0,0.2547,0.2547,0.2547,0.2565,0.2565,0.2565,0.0,1,0,0.2565,0.2565,0.2565,0.2603,0.2603,0.2603,0.0,1,0,0.2603,0.2603,0.2603,0.2512,0.2512,0.2512,0.0,1,0,0.2512,0.2512,0.2512,0.2259,0.2259,0.2259,0.0,1,0,0.2259,0.2259,0.2259
17,2022-04-22,2022-04-23,0.269,0.269,0.269,0.0,1,0,0.269,0.269,0.269,0.1886,0.1886,0.1886,0.0,1,0,0.1886,0.1886,0.1886,0.0448,0.0448,0.0448,0.0,1,0,0.0448,0.0448,0.0448,0.1412,0.1412,0.1412,0.0,1,0,0.1412,0.1412,0.1412,0.0,0.0,0.0,0.0,1,0,0.0,0.0,0.0,0.0744,0.0744,0.0744,0.0,1,0,0.0744,0.0744,0.0744,0.0985,0.0985,0.0985,0.0,1,0,0.0985,0.0985,0.0985,0.1278,0.1278,0.1278,0.0,1,0,0.1278,0.1278,0.1278,0.1508,0.1508,0.1508,0.0,1,0,0.1508,0.1508,0.1508,0.1787,0.1787,0.1787,0.0,1,0,0.1787,0.1787,0.1787,0.2295,0.2295,0.2295,0.0,1,0,0.2295,0.2295,0.2295,0.2466,0.2466,0.2466,0.0,1,0,0.2466,0.2466,0.2466,0.2618,0.2618,0.2618,0.0,1,0,0.2618,0.2618,0.2618,0.2552,0.2552,0.2552,0.0,1,0,0.2552,0.2552,0.2552,0.2592,0.2592,0.2592,0.0,1,0,0.2592,0.2592,0.2592,0.2433,0.2433,0.2433,0.0,1,0,0.2433,0.2433,0.2433,0.2217,0.2217,0.2217,0.0,1,0,0.2217,0.2217,0.2217
18,2022-05-02,2022-05-03,0.2872,0.2872,0.2872,0.0,1,0,0.2872,0.2872,0.2872,0.2092,0.2092,0.2092,0.0,1,0,0.2092,0.2092,0.2092,0.0182,0.0182,0.0182,0.0,1,0,0.0182,0.0182,0.0182,0.1686,0.1686,0.1686,0.0,1,0,0.1686,0.1686,0.1686,0.0,0.0,0.0,0.0,1,0,0.0,0.0,0.0,0.0609,0.0609,0.0609,0.0,1,0,0.0609,0.0609,0.0609,0.0833,0.0833,0.0833,0.0,1,0,0.0833,0.0833,0.0833,0.1177,0.1177,0.1177,0.0,1,0,0.1177,0.1177,0.1177,0.1412,0.1412,0.1412,0.0,1,0,0.1412,0.1412,0.1412,0.1668,0.1668,0.1668,0.0,1,0,0.1668,0.1668,0.1668,0.2185,0.2185,0.2185,0.0,1,0,0.2185,0.2185,0.2185,0.2433,0.2433,0.2433,0.0,1,0,0.2433,0.2433,0.2433,0.255,0.255,0.255,0.0,1,0,0.255,0.255,0.255,0.2501,0.2501,0.2501,0.0,1,0,0.2501,0.2501,0.2501,0.2582,0.2582,0.2582,0.0,1,0,0.2582,0.2582,0.2582,0.2096,0.2096,0.2096,0.0,1,0,0.2096,0.2096,0.2096,0.186,0.186,0.186,0.0,1,0,0.186,0.186,0.186
19,2022-05-07,2022-05-08,0.2708,0.2708,0.2708,0.0,1,0,0.2708,0.2708,0.2708,0.1878,0.1878,0.1878,0.0,1,0,0.1878,0.1878,0.1878,0.0298,0.0298,0.0298,0.0,1,0,0.0298,0.0298,0.0298,0.1922,0.1922,0.1922,0.0,1,0,0.1922,0.1922,0.1922,0.0,0.0,0.0,0.0,1,0,0.0,0.0,0.0,0.0768,0.0768,0.0768,0.0,1,0,0.0768,0.0768,0.0768,0.0925,0.0925,0.0925,0.0,1,0,0.0925,0.0925,0.0925,0.1346,0.1346,0.1346,0.0,1,0,0.1346,0.1346,0.1346,0.1604,0.1604,0.1604,0.0,1,0,0.1604,0.1604,0.1604,0.1911,0.1911,0.1911,0.0,1,0,0.1911,0.1911,0.1911,0.2492,0.2492,0.2492,0.0,1,0,0.2492,0.2492,0.2492,0.2735,0.2735,0.2735,0.0,1,0,0.2735,0.2735,0.2735,0.2795,0.2795,0.2795,0.0,1,0,0.2795,0.2795,0.2795,0.2834,0.2834,0.2834,0.0,1,0,0.2834,0.2834,0.2834,0.2846,0.2846,0.2846,0.0,1,0,0.2846,0.2846,0.2846,0.2344,0.2344,0.2344,0.0,1,0,0.2344,0.2344,0.2344,0.201,0.201,0.201,0.0,1,0,0.201,0.201,0.201
20,2022-05-15,2022-05-16,0.3932,0.3932,0.3932,0.0,1,0,0.3932,0.3932,0.3932,0.3052,0.3052,0.3052,0.0,1,0,0.3052,0.3052,0.3052,-0.0446,-0.0446,-0.0446,0.0,1,0,-0.0446,-0.0446,-0.0446,0.1372,0.1372,0.1372,0.0,1,0,0.1372,0.1372,0.1372,0.0,0.0,0.0,0.0,1,0,0.0,0.0,0.0,0.0663,0.0663,0.0663,0.0,1,0,0.0663,0.0663,0.0663,0.0845,0.0845,0.0845,0.0,1,0,0.0845,0.0845,0.0845,0.1092,0.1092,0.1092,0.0,1,0,0.1092,0.1092,0.1092,0.1245,0.1245,0.1245,0.0,1,0,0.1245,0.1245,0.1245,0.1522,0.1522,0.1522,0.0,1,0,0.1522,0.1522,0.1522,0.2343,0.2343,0.2343,0.0,1,0,0.2343,0.2343,0.2343,0.2778,0.2778,0.2778,0.0,1,0,0.2778,0.2778,0.2778,0.2859,0.2859,0.2859,0.0,1,0,0.2859,0.2859,0.2859,0.2863,0.2863,0.2863,0.0,1,0,0.2863,0.2863,0.2863,0.2887,0.2887,0.2887,0.0,1,0,0.2887,0.2887,0.2887,0.2143,0.2143,0.2143,0.0,1,0,0.2143,0.2143,0.2143,0.1865,0.1865,0.1865,0.0,1,0,0.1865,0.1865,0.1865
21,2022-05-22,2022-05-23,0.4002,0.4002,0.4002,0.0,1,0,0.4002,0.4002,0.4002,0.3056,0.3056,0.3056,0.0,1,0,0.3056,0.3056,0.3056,-0.077,-0.077,-0.077,0.0,1,0,-0.077,-0.077,-0.077,0.3294,0.3294,0.3294,0.0,1,0,0.3294,0.3294,0.3294,0.0,0.0,0.0,0.0,1,0,0.0,0.0,0.0,0.0703,0.0703,0.0703,0.0,1,0,0.0703,0.0703,0.0703,0.0903,0.0903,0.0903,0.0,1,0,0.0903,0.0903,0.0903,0.1082,0.1082,0.1082,0.0,1,0,0.1082,0.1082,0.1082,0.1186,0.1186,0.1186,0.0,1,0,0.1186,0.1186,0.1186,0.1472,0.1472,0.1472,0.0,1,0,0.1472,0.1472,0.1472,0.2227,0.2227,0.2227,0.0,1,0,0.2227,0.2227,0.2227,0.2668,0.2668,0.2668,0.0,1,0,0.2668,0.2668,0.2668,0.2768,0.2768,0.2768,0.0,1,0,0.2768,0.2768,0.2768,0.2746,0.2746,0.2746,0.0,1,0,0.2746,0.2746,0.2746,0.2896,0.2896,0.2896,0.0,1,0,0.2896,0.2896,0.2896,0.196,0.196,0.196,0.0,1,0,0.196,0.196,0.196,0.1661,0.1661,0.1661,0.0,1,0,0.1661,0.1661,0.1661
22,2022-06-09,2022-06-10,0.5322,0.5322,0.5322,0.0,1,0,0.5322,0.5322,0.5322,0.39,0.39,0.39,0.0,1,0,0.39,0.39,0.39,-0.2288,-0.2288,-0.2288,0.0,1,0,-0.2288,-0.2288,-0.2288,0.0746,0.0746,0.0746,0.0,1,0,0.0746,0.0746,0.0746,0.0,0.0,0.0,0.0,1,0,0.0,0.0,0.0,0.0806,0.0806,0.0806,0.0,1,0,0.0806,0.0806,0.0806,0.0822,0.0822,0.0822,0.0,1,0,0.0822,0.0822,0.0822,0.0972,0.0972,0.0972,0.0,1,0,0.0972,0.0972,0.0972,0.0875,0.0875,0.0875,0.0,1,0,0.0875,0.0875,0.0875,0.1258,0.1258,0.1258,0.0,1,0,0.1258,0.1258,0.1258,0.2483,0.2483,0.2483,0.0,1,0,0.2483,0.2483,0.2483,0.2896,0.2896,0.2896,0.0,1,0,0.2896,0.2896,0.2896,0.2866,0.2866,0.2866,0.0,1,0,0.2866,0.2866,0.2866,0.2947,0.2947,0.2947,0.0,1,0,0.2947,0.2947,0.2947,0.3008,0.3008,0.3008,0.0,1,0,0.3008,0.3008,0.3008,0.144,0.144,0.144,0.0,1,0,0.144,0.144,0.144,0.0991,0.0991,0.0991,0.0,1,0,0.0991,0.0991,0.0991
23,2022-06-11,2022-06-12,0.6492,0.6492,0.6492,0.0,1,0,0.6492,0.6492,0.6492,0.481,0.481,0.481,0.0,1,0,0.481,0.481,0.481,-0.2588,-0.2588,-0.2588,0.0,1,0,-0.2588,-0.2588,-0.2588,0.0628,0.0628,0.0628,0.0,1,0,0.0628,0.0628,0.0628,0.0,0.0,0.0,0.0,1,0,0.0,0.0,0.0,0.0502,0.0502,0.0502,0.0,1,0,0.0502,0.0502,0.0502,0.0657,0.0657,0.0657,0.0,1,0,0.0657,0.0657,0.0657,0.0931,0.0931,0.0931,0.0,1,0,0.0931,0.0931,0.0931,0.0809,0.0809,0.0809,0.0,1,0,0.0809,0.0809,0.0809,0.1333,0.1333,0.1333,0.0,1,0,0.1333,0.1333,0.1333,0.3049,0.3049,0.3049,0.0,1,0,0.3049,0.3049,0.3049,0.3663,0.3663,0.3663,0.0,1,0,0.3663,0.3663,0.3663,0.3804,0.3804,0.3804,0.0,1,0,0.3804,0.3804,0.3804,0.3726,0.3726,0.3726,0.0,1,0,0.3726,0.3726,0.3726,0.3769,0.3769,0.3769,0.0,1,0,0.3769,0.3769,0.3769,0.1818,0.1818,0.1818,0.0,1,0,0.1818,0.1818,0.1818,0.1332,0.1332,0.1332,0.0,1,0,0.1332,0.1332,0.1332
24,2022-06-16,2022-06-17,0.6842,0.6842,0.6842,0.0,1,0,0.6842,0.6842,0.6842,0.5134,0.5134,0.5134,0.0,1,0,0.5134,0.5134,0.5134,-0.2866,-0.2866,-0.2866,0.0,1,0,-0.2866,-0.2866,-0.2866,0.0902,0.0902,0.0902,0.0,1,0,0.0902,0.0902,0.0902,0.0,0.0,0.0,0.0,1,0,0.0,0.0,0.0,0.0543,0.0543,0.0543,0.0,1,0,0.0543,0.0543,0.0543,0.0594,0.0594,0.0594,0.0,1,0,0.0594,0.0594,0.0594,0.0872,0.0872,0.0872,0.0,1,0,0.0872,0.0872,0.0872,0.0745,0.0745,0.0745,0.0,1,0,0.0745,0.0745,0.0745,0.1277,0.1277,0.1277,0.0,1,0,0.1277,0.1277,0.1277,0.3273,0.3273,0.3273,0.0,1,0,0.3273,0.3273,0.3273,0.3911,0.3911,0.3911,0.0,1,0,0.3911,0.3911,0.3911,0.3972,0.3972,0.3972,0.0,1,0,0.3972,0.3972,0.3972,0.3995,0.3995,0.3995,0.0,1,0,0.3995,0.3995,0.3995,0.3968,0.3968,0.3968,0.0,1,0,0.3968,0.3968,0.3968,0.1787,0.1787,0.1787,0.0,1,0,0.1787,0.1787,0.1787,0.1219,0.1219,0.1219,0.0,1,0,0.1219,0.1219,0.1219
25,2022-06-29,2022-06-30,0.8568,0.8568,0.8568,0.0,1,0,0.8568,0.8568,0.8568,0.6428,0.6428,0.6428,0.0,1,0,0.6428,0.6428,0.6428,-0.4452,-0.4452,-0.4452,0.0,1,0,-0.4452,-0.4452,-0.4452,0.204,0.204,0.204,0.0,1,0,0.204,0.204,0.204,0.0,0.0,0.0,0.0,1,0,0.0,0.0,0.0,0.0161,0.0161,0.0161,0.0,1,0,0.0161,0.0161,0.0161,0.0206,0.0206,0.0206,0.0,1,0,0.0206,0.0206,0.0206,0.048,0.048,0.048,0.0,1,0,0.048,0.048,0.048,0.0305,0.0305,0.0305,0.0,1,0,0.0305,0.0305,0.0305,0.086,0.086,0.086,0.0,1,0,0.086,0.086,0.086,0.3208,0.3208,0.3208,0.0,1,0,0.3208,0.3208,0.3208,0.3948,0.3948,0.3948,0.0,1,0,0.3948,0.3948,0.3948,0.3955,0.3955,0.3955,0.0,1,0,0.3955,0.3955,0.3955,0.4037,0.4037,0.4037,0.0,1,0,0.4037,0.4037,0.4037,0.3614,0.3614,0.3614,0.0,1,0,0.3614,0.3614,0.3614,0.1292,0.1292,0.1292,0.0,1,0,0.1292,0.1292,0.1292,0.0571,0.0571,0.0571,0.0,1,0,0.0571,0.0571,0.0571
26,2022-07-04,2022-07-05,0.8576,0.8576,0.8576,0.0,1,0,0.8576,0.8576,0.8576,0.6508,0.6508,0.6508,0.0,1,0,0.6508,0.6508,0.6508,-0.4414,-0.4414,-0.4414,0.0,1,0,-0.4414,-0.4414,-0.4414,0.1216,0.1216,0.1216,0.0,1,0,0.1216,0.1216,0.1216,0.0,0.0,0.0,0.0,1,0,0.0,0.0,0.0,0.0109,0.0109,0.0109,0.0,1,0,0.0109,0.0109,0.0109,0.0227,0.0227,0.0227,0.0,1,0,0.0227,0.0227,0.0227,0.0509,0.0509,0.0509,0.0,1,0,0.0509,0.0509,0.0509,0.0352,0.0352,0.0352,0.0,1,0,0.0352,0.0352,0.0352,0.0971,0.0971,0.0971,0.0,1,0,0.0971,0.0971,0.0971,0.3495,0.3495,0.3495,0.0,1,0,0.3495,0.3495,0.3495,0.4465,0.4465,0.4465,0.0,1,0,0.4465,0.4465,0.4465,0.4591,0.4591,0.4591,0.0,1,0,0.4591,0.4591,0.4591,0.4586,0.4586,0.4586,0.0,1,0,0.4586,0.4586,0.4586,0.4425,0.4425,0.4425,0.0,1,0,0.4425,0.4425,0.4425,0.1515,0.1515,0.1515,0.0,1,0,0.1515,0.1515,0.1515,0.0803,0.0803,0.0803,0.0,1,0,0.0803,0.0803,0.0803
27,2022-07-06,2022-07-07,0.7836,0.7836,0.7836,0.0,1,0,0.7836,0.7836,0.7836,0.5922,0.5922,0.5922,0.0,1,0,0.5922,0.5922,0.5922,-0.4032,-0.4032,-0.4032,0.0,1,0,-0.4032,-0.4032,-0.4032,0.2942,0.2942,0.2942,0.0,1,0,0.2942,0.2942,0.2942,0.0,0.0,0.0,0.0,1,0,0.0,0.0,0.0,0.0588,0.0588,0.0588,0.0,1,0,0.0588,0.0588,0.0588,0.0564,0.0564,0.0564,0.0,1,0,0.0564,0.0564,0.0564,0.0877,0.0877,0.0877,0.0,1,0,0.0877,0.0877,0.0877,0.0643,0.0643,0.0643,0.0,1,0,0.0643,0.0643,0.0643,0.1357,0.1357,0.1357,0.0,1,0,0.1357,0.1357,0.1357,0.4275,0.4275,0.4275,0.0,1,0,0.4275,0.4275,0.4275,0.5268,0.5268,0.5268,0.0,1,0,0.5268,0.5268,0.5268,0.5298,0.5298,0.5298,0.0,1,0,0.5298,0.5298,0.5298,0.5482,0.5482,0.5482,0.0,1,0,0.5482,0.5482,0.5482,0.548,0.548,0.548,0.0,1,0,0.548,0.548,0.548,0.185,0.185,0.185,0.0,1,0,0.185,0.185,0.185,0.103,0.103,0.103,0.0,1,0,0.103,0.103,0.103
28,2022-07-16,2022-07-17,1.0,1.0,1.0,0.0,1,0,1.0,1.0,1.0,0.8068,0.8068,0.8068,0.0,1,0,0.8068,0.8068,0.8068,-0.6156,-0.6156,-0.6156,0.0,1,0,-0.6156,-0.6156,-0.6156,0.2352,0.2352,0.2352,0.0,1,0,0.2352,0.2352,0.2352,0.0,0.0,0.0,0.0,1,0,0.0,0.0,0.0,0.0,0.0,0.0,0.0,1,0,0.0,0.0,0.0,0.0,0.0,0.0,0.0,1,0,0.0,0.0,0.0,0.0,0.0,0.0,0.0,1,0,0.0,0.0,0.0,0.0,0.0,0.0,0.0,1,0,0.0,0.0,0.0,0.0355,0.0355,0.0355,0.0,1,0,0.0355,0.0355,0.0355,0.2442,0.2442,0.2442,0.0,1,0,0.2442,0.2442,0.2442,0.3197,0.3197,0.3197,0.0,1,0,0.3197,0.3197,0.3197,0.332,0.332,0.332,0.0,1,0,0.332,0.332,0.332,0.3418,0.3418,0.3418,0.0,1,0,0.3418,0.3418,0.3418,0.2816,0.2816,0.2816,0.0,1,0,0.2816,0.2816,0.2816,0.079,0.079,0.079,0.0,1,0,0.079,0.079,0.079,0.0241,0.0241,0.0241,0.0,1,0,0.0241,0.0241,0.0241
29,2022-07-19,2022-07-20,0.7636,0.7636,0.7636,0.0,1,0,0.7636,0.7636,0.7636,0.5884,0.5884,0.5884,0.0,1,0,0.5884,0.5884,0.5884,-0.3216,-0.3216,-0.3216,0.0,1,0,-0.3216,-0.3216,-0.3216,0.0862,0.0862,0.0862,0.0,1,0,0.0862,0.0862,0.0862,0.0,0.0,0.0,0.0,1,0,0.0,0.0,0.0,0.0346,0.0346,0.0346,0.0,1,0,0.0346,0.0346,0.0346,0.0379,0.0379,0.0379,0.0,1,0,0.0379,0.0379,0.0379,0.0635,0.0635,0.0635,0.0,1,0,0.0635,0.0635,0.0635,0.0524,0.0524,0.0524,0.0,1,0,0.0524,0.0524,0.0524,0.1013,0.1013,0.1013,0.0,1,0,0.1013,0.1013,0.1013,0.3098,0.3098,0.3098,0.0,1,0,0.3098,0.3098,0.3098,0.3864,0.3864,0.3864,0.0,1,0,0.3864,0.3864,0.3864,0.3909,0.3909,0.3909,0.0,1,0,0.3909,0.3909,0.3909,0.4042,0.4042,0.4042,0.0,1,0,0.4042,0.4042,0.4042,0.4078,0.4078,0.4078,0.0,1,0,0.4078,0.4078,0.4078,0.1677,0.1677,0.1677,0.0,1,0,0.1677,0.1677,0.1677,0.1016,0.1016,0.1016,0.0,1,0,0.1016,0.1016,0.1016
30,2022-07-24,2022-07-25,0.7826,0.7826,0.7826,0.0,1,0,0.7826,0.7826,0.7826,0.5892,0.5892,0.5892,0.0,1,0,0.5892,0.5892,0.5892,-0.331,-0.331,-0.331,0.0,1,0,-0.331,-0.331,-0.331,0.0156,0.0156,0.0156,0.0,1,0,0.0156,0.0156,0.0156,0.0,0.0,0.0,0.0,1,0,0.0,0.0,0.0,0.0259,0.0259,0.0259,0.0,1,0,0.0259,0.0259,0.0259,0.0337,0.0337,0.0337,0.0,1,0,0.0337,0.0337,0.0337,0.0561,0.0561,0.0561,0.0,1,0,0.0561,0.0561,0.0561,0.0433,0.0433,0.0433,0.0,1,0,0.0433,0.0433,0.0433,0.0918,0.0918,0.0918,0.0,1,0,0.0918,0.0918,0.0918,0.2852,0.2852,0.2852,0.0,1,0,0.2852,0.2852,0.2852,0.3637,0.3637,0.3637,0.0,1,0,0.3637,0.3637,0.3637,0.3552,0.3552,0.3552,0.0,1,0,0.3552,0.3552,0.3552,0.3747,0.3747,0.3747,0.0,1,0,0.3747,0.3747,0.3747,0.3724,0.3724,0.3724,0.0,1,0,0.3724,0.3724,0.3724,0.1522,0.1522,0.1522,0.0,1,0,0.1522,0.1522,0.1522,0.095,0.095,0.095,0.0,1,0,0.095,0.095,0.095
31,2022-08-03,2022-08-04,0.7214,0.7214,0.7214,0.0,1,0,0.7214,0.7214,0.7214,0.5508,0.5508,0.5508,0.0,1,0,0.5508,0.5508,0.5508,-0.2292,-0.2292,-0.2292,0.0,1,0,-0.2292,-0.2292,-0.2292,0.0314,0.0314,0.0314,0.0,1,0,0.0314,0.0314,0.0314,0.0,0.0,0.0,0.0,1,0,0.0,0.0,0.0,0.0271,0.0271,0.0271,0.0,1,0,0.0271,0.0271,0.0271,0.0406,0.0406,0.0406,0.0,1,0,0.0406,0.0406,0.0406,0.068,0.068,0.068,0.0,1,0,0.068,0.068,0.068,0.0661,0.0661,0.0661,0.0,1,0,0.0661,0.0661,0.0661,0.1183,0.1183,0.1183,0.0,1,0,0.1183,0.1183,0.1183,0.3222,0.3222,0.3222,0.0,1,0,0.3222,0.3222,0.3222,0.4067,0.4067,0.4067,0.0,1,0,0.4067,0.4067,0.4067,0.4084,0.4084,0.4084,0.0,1,0,0.4084,0.4084,0.4084,0.4284,0.4284,0.4284,0.0,1,0,0.4284,0.4284,0.4284,0.425,0.425,0.425,0.0,1,0,0.425,0.425,0.425,0.2155,0.2155,0.2155,0.0,1,0,0.2155,0.2155,0.2155,0.1302,0.1302,0.1302,0.0,1,0,0.1302,0.1302,0.1302
32,2022-08-08,2022-08-09,0.695,0.695,0.695,0.0,1,0,0.695,0.695,0.695,0.5216,0.5216,0.5216,0.0,1,0,0.5216,0.5216,0.5216,-0.2866,-0.2866,-0.2866,0.0,1,0,-0.2866,-0.2866,-0.2866,0.2156,0.2156,0.2156,0.0,1,0,0.2156,0.2156,0.2156,0.0,0.0,0.0,0.0,1,0,0.0,0.0,0.0,0.0651,0.0651,0.0651,0.0,1,0,0.0651,0.0651,0.0651,0.0664,0.0664,0.0664,0.0,1,0,0.0664,0.0664,0.0664,0.0946,0.0946,0.0946,0.0,1,0,0.0946,0.0946,0.0946,0.0824,0.0824,0.0824,0.0,1,0,0.0824,0.0824,0.0824,0.144,0.144,0.144,0.0,1,0,0.144,0.144,0.144,0.3802,0.3802,0.3802,0.0,1,0,0.3802,0.3802,0.3802,0.4535,0.4535,0.4535,0.0,1,0,0.4535,0.4535,0.4535,0.4581,0.4581,0.4581,0.0,1,0,0.4581,0.4581,0.4581,0.4739,0.4739,0.4739,0.0,1,0,0.4739,0.4739,0.4739,0.4583,0.4583,0.4583,0.0,1,0,0.4583,0.4583,0.4583,0.2084,0.2084,0.2084,0.0,1,0,0.2084,0.2084,0.2084,0.1262,0.1262,0.1262,0.0,1,0,0.1262,0.1262,0.1262
33,2022-08-10,2022-08-11,0.7528,0.7528,0.7528,0.0,1,0,0.7528,0.7528,0.7528,0.5674,0.5674,0.5674,0.0,1,0,0.5674,0.5674,0.5674,-0.3186,-0.3186,-0.3186,0.0,1,0,-0.3186,-0.3186,-0.3186,0.0588,0.0588,0.0588,0.0,1,0,0.0588,0.0588,0.0588,0.0,0.0,0.0,0.0,1,0,0.0,0.0,0.0,0.0262,0.0262,0.0262,0.0,1,0,0.0262,0.0262,0.0262,0.0426,0.0426,0.0426,0.0,1,0,0.0426,0.0426,0.0426,0.0714,0.0714,0.0714,0.0,1,0,0.0714,0.0714,0.0714,0.0597,0.0597,0.0597,0.0,1,0,0.0597,0.0597,0.0597,0.1168,0.1168,0.1168,0.0,1,0,0.1168,0.1168,0.1168,0.3307,0.3307,0.3307,0.0,1,0,0.3307,0.3307,0.3307,0.4096,0.4096,0.4096,0.0,1,0,0.4096,0.4096,0.4096,0.4232,0.4232,0.4232,0.0,1,0,0.4232,0.4232,0.4232,0.425,0.425,0.425,0.0,1,0,0.425,0.425,0.425,0.4272,0.4272,0.4272,0.0,1,0,0.4272,0.4272,0.4272,0.181,0.181,0.181,0.0,1,0,0.181,0.181,0.181,0.1095,0.1095,0.1095,0.0,1,0,0.1095,0.1095,0.1095
34,2022-08-13,2022-08-14,0.7244,0.7244,0.7244,0.0,1,0,0.7244,0.7244,0.7244,0.5386,0.5386,0.5386,0.0,1,0,0.5386,0.5386,0.5386,-0.2878,-0.2878,-0.2878,0.0,1,0,-0.2878,-0.2878,-0.2878,0.0274,0.0274,0.0274,0.0,1,0,0.0274,0.0274,0.0274,0.0,0.0,0.0,0.0,1,0,0.0,0.0,0.0,0.033,0.033,0.033,0.0,1,0,0.033,0.033,0.033,0.0465,0.0465,0.0465,0.0,1,0,0.0465,0.0465,0.0465,0.0774,0.0774,0.0774,0.0,1,0,0.0774,0.0774,0.0774,0.0679,0.0679,0.0679,0.0,1,0,0.0679,0.0679,0.0679,0.1274,0.1274,0.1274,0.0,1,0,0.1274,0.1274,0.1274,0.3373,0.3373,0.3373,0.0,1,0,0.3373,0.3373,0.3373,0.4123,0.4123,0.4123,0.0,1,0,0.4123,0.4123,0.4123,0.4248,0.4248,0.4248,0.0,1,0,0.4248,0.4248,0.4248,0.4308,0.4308,0.4308,0.0,1,0,0.4308,0.4308,0.4308,0.4337,0.4337,0.4337,0.0,1,0,0.4337,0.4337,0.4337,0.1927,0.1927,0.1927,0.0,1,0,0.1927,0.1927,0.1927,0.1207,0.1207,0.1207,0.0,1,0,0.1207,0.1207,0.1207
35,2022-08-23,2022-08-24,0.6706,0.6706,0.6706,0.0,1,0,0.6706,0.6706,0.6706,0.4568,0.4568,0.4568,0.0,1,0,0.4568,0.4568,0.4568,-0.2518,-0.2518,-0.2518,0.0,1,0,-0.2518,-0.2518,-0.2518,0.0824,0.0824,0.0824,0.0,1,0,0.0824,0.0824,0.0824,0.0,0.0,0.0,0.0,1,0,0.0,0.0,0.0,0.0533,0.0533,0.0533,0.0,1,0,0.0533,0.0533,0.0533,0.0678,0.0678,0.0678,0.0,1,0,0.0678,0.0678,0.0678,0.1049,0.1049,0.1049,0.0,1,0,0.1049,0.1049,0.1049,0.0872,0.0872,0.0872,0.0,1,0,0.0872,0.0872,0.0872,0.1649,0.1649,0.1649,0.0,1,0,0.1649,0.1649,0.1649,0.3763,0.3763,0.3763,0.0,1,0,0.3763,0.3763,0.3763,0.4483,0.4483,0.4483,0.0,1,0,0.4483,0.4483,0.4483,0.4423,0.4423,0.4423,0.0,1,0,0.4423,0.4423,0.4423,0.4671,0.4671,0.4671,0.0,1,0,0.4671,0.4671,0.4671,0.4588,0.4588,0.4588,0.0,1,0,0.4588,0.4588,0.4588,0.2177,0.2177,0.2177,0.0,1,0,0.2177,0.2177,0.2177,0.137,0.137,0.137,0.0,1,0,0.137,0.137,0.137
36,2022-08-25,2022-08-26,0.6472,0.6472,0.6472,0.0,1,0,0.6472,0.6472,0.6472,0.432,0.432,0.432,0.0,1,0,0.432,0.432,0.432,-0.2152,-0.2152,-0.2152,0.0,1,0,-0.2152,-0.2152,-0.2152,0.047,0.047,0.047,0.0,1,0,0.047,0.047,0.047,0.0,0.0,0.0,0.0,1,0,0.0,0.0,0.0,0.0498,0.0498,0.0498,0.0,1,0,0.0498,0.0498,0.0498,0.06,0.06,0.06,0.0,1,0,0.06,0.06,0.06,0.099,0.099,0.099,0.0,1,0,0.099,0.099,0.099,0.086,0.086,0.086,0.0,1,0,0.086,0.086,0.086,0.1592,0.1592,0.1592,0.0,1,0,0.1592,0.1592,0.1592,0.3457,0.3457,0.3457,0.0,1,0,0.3457,0.3457,0.3457,0.3976,0.3976,0.3976,0.0,1,0,0.3976,0.3976,0.3976,0.4014,0.4014,0.4014,0.0,1,0,0.4014,0.4014,0.4014,0.4202,0.4202,0.4202,0.0,1,0,0.4202,0.4202,0.4202,0.418,0.418,0.418,0.0,1,0,0.418,0.418,0.418,0.212,0.212,0.212,0.0,1,0,0.212,0.212,0.212,0.1315,0.1315,0.1315,0.0,1,0,0.1315,0.1315,0.1315
37,2022-08-28,2022-08-29,0.5658,0.5658,0.5658,0.0,1,0,0.5658,0.5658,0.5658,0.3784,0.3784,0.3784,0.0,1,0,0.3784,0.3784,0.3784,-0.18,-0.18,-0.18,0.0,1,0,-0.18,-0.18,-0.18,0.0236,0.0236,0.0236,0.0,1,0,0.0236,0.0236,0.0236,0.0,0.0,0.0,0.0,1,0,0.0,0.0,0.0,0.0572,0.0572,0.0572,0.0,1,0,0.0572,0.0572,0.0572,0.0595,0.0595,0.0595,0.0,1,0,0.0595,0.0595,0.0595,0.0887,0.0887,0.0887,0.0,1,0,0.0887,0.0887,0.0887,0.0848,0.0848,0.0848,0.0,1,0,0.0848,0.0848,0.0848,0.1379,0.1379,0.1379,0.0,1,0,0.1379,0.1379,0.1379,0.2643,0.2643,0.2643,0.0,1,0,0.2643,0.2643,0.2643,0.3012,0.3012,0.3012,0.0,1,0,0.3012,0.3012,0.3012,0.3058,0.3058,0.3058,0.0,1,0,0.3058,0.3058,0.3058,0.3196,0.3196,0.3196,0.0,1,0,0.3196,0.3196,0.3196,0.324,0.324,0.324,0.0,1,0,0.324,0.324,0.324,0.1691,0.1691,0.1691,0.0,1,0,0.1691,0.1691,0.1691,0.1152,0.1152,0.1152,0.0,1,0,0.1152,0.1152,0.1152
38,2022-08-30,2022-08-31,0.5662,0.5662,0.5662,0.0,1,0,0.5662,0.5662,0.5662,0.3928,0.3928,0.3928,0.0,1,0,0.3928,0.3928,0.3928,-0.2056,-0.2056,-0.2056,0.0,1,0,-0.2056,-0.2056,-0.2056,0.204,0.204,0.204,0.0,1,0,0.204,0.204,0.204,0.0,0.0,0.0,0.0,1,0,0.0,0.0,0.0,0.0678,0.0678,0.0678,0.0,1,0,0.0678,0.0678,0.0678,0.0863,0.0863,0.0863,0.0,1,0,0.0863,0.0863,0.0863,0.1157,0.1157,0.1157,0.0,1,0,0.1157,0.1157,0.1157,0.1075,0.1075,0.1075,0.0,1,0,0.1075,0.1075,0.1075,0.1692,0.1692,0.1692,0.0,1,0,0.1692,0.1692,0.1692,0.3188,0.3188,0.3188,0.0,1,0,0.3188,0.3188,0.3188,0.3721,0.3721,0.3721,0.0,1,0,0.3721,0.3721,0.3721,0.3881,0.3881,0.3881,0.0,1,0,0.3881,0.3881,0.3881,0.3908,0.3908,0.3908,0.0,1,0,0.3908,0.3908,0.3908,0.3729,0.3729,0.3729,0.0,1,0,0.3729,0.3729,0.3729,0.2051,0.2051,0.2051,0.0,1,0,0.2051,0.2051,0.2051,0.1358,0.1358,0.1358,0.0,1,0,0.1358,0.1358,0.1358
39,2022-09-07,2022-09-08,0.5734,0.5734,0.5734,0.0,1,0,0.5734,0.5734,0.5734,0.3698,0.3698,0.3698,0.0,1,0,0.3698,0.3698,0.3698,-0.3054,-0.3054,-0.3054,0.0,1,0,-0.3054,-0.3054,-0.3054,0.1648,0.1648,0.1648,0.0,1,0,0.1648,0.1648,0.1648,0.0,0.0,0.0,0.0,1,0,0.0,0.0,0.0,0.0543,0.0543,0.0543,0.0,1,0,0.0543,0.0543,0.0543,0.047,0.047,0.047,0.0,1,0,0.047,0.047,0.047,0.0641,0.0641,0.0641,0.0,1,0,0.0641,0.0641,0.0641,0.0553,0.0553,0.0553,0.0,1,0,0.0553,0.0553,0.0553,0.0938,0.0938,0.0938,0.0,1,0,0.0938,0.0938,0.0938,0.1883,0.1883,0.1883,0.0,1,0,0.1883,0.1883,0.1883,0.2115,0.2115,0.2115,0.0,1,0,0.2115,0.2115,0.2115,0.2039,0.2039,0.2039,0.0,1,0,0.2039,0.2039,0.2039,0.2196,0.2196,0.2196,0.0,1,0,0.2196,0.2196,0.2196,0.2366,0.2366,0.2366,0.0,1,0,0.2366,0.2366,0.2366,0.0782,0.0782,0.0782,0.0,1,0,0.0782,0.0782,0.0782,0.0473,0.0473,0.0473,0.0,1,0,0.0473,0.0473,0.0473
40,2022-09-14,2022-09-15,0.5044,0.5044,0.5044,0.0,1,0,0.5044,0.5044,0.5044,0.341,0.341,0.341,0.0,1,0,0.341,0.341,0.341,-0.2132,-0.2132,-0.2132,0.0,1,0,-0.2132,-0.2132,-0.2132,0.2862,0.2862,0.2862,0.0,1,0,0.2862,0.2862,0.2862,0.0,0.0,0.0,0.0,1,0,0.0,0.0,0.0,0.0146,0.0146,0.0146,0.0,1,0,0.0146,0.0146,0.0146,0.03,0.03,0.03,0.0,1,0,0.03,0.03,0.03,0.0473,0.0473,0.0473,0.0,1,0,0.0473,0.0473,0.0473,0.0458,0.0458,0.0458,0.0,1,0,0.0458,0.0458,0.0458,0.0683,0.0683,0.0683,0.0,1,0,0.0683,0.0683,0.0683,0.1212,0.1212,0.1212,0.0,1,0,0.1212,0.1212,0.1212,0.1332,0.1332,0.1332,0.0,1,0,0.1332,0.1332,0.1332,0.139,0.139,0.139,0.0,1,0,0.139,0.139,0.139,0.14,0.14,0.14,0.0,1,0,0.14,0.14,0.14,0.1514,0.1514,0.1514,0.0,1,0,0.1514,0.1514,0.1514,0.0638,0.0638,0.0638,0.0,1,0,0.0638,0.0638,0.0638,0.0499,0.0499,0.0499,0.0,1,0,0.0499,0.0499,0.0499
41,2022-09-19,2022-09-20,0.6858,0.6858,0.6858,0.0,1,0,0.6858,0.6858,0.6858,0.4412,0.4412,0.4412,0.0,1,0,0.4412,0.4412,0.4412,-0.363,-0.363,-0.363,0.0,1,0,-0.363,-0.363,-0.363,0.1216,0.1216,0.1216,0.0,1,0,0.1216,0.1216,0.1216,0.0,0.0,0.0,0.0,1,0,0.0,0.0,0.0,0.041,0.041,0.041,0.0,1,0,0.041,0.041,0.041,0.0501,0.0501,0.0501,0.0,1,0,0.0501,0.0501,0.0501,0.0691,0.0691,0.0691,0.0,1,0,0.0691,0.0691,0.0691,0.0463,0.0463,0.0463,0.0,1,0,0.0463,0.0463,0.0463,0.0963,0.0963,0.0963,0.0,1,0,0.0963,0.0963,0.0963,0.2124,0.2124,0.2124,0.0,1,0,0.2124,0.2124,0.2124,0.2397,0.2397,0.2397,0.0,1,0,0.2397,0.2397,0.2397,0.2484,0.2484,0.2484,0.0,1,0,0.2484,0.2484,0.2484,0.2449,0.2449,0.2449,0.0,1,0,0.2449,0.2449,0.2449,0.2464,0.2464,0.2464,0.0,1,0,0.2464,0.2464,0.2464,0.0932,0.0932,0.0932,0.0,1,0,0.0932,0.0932,0.0932,0.0536,0.0536,0.0536,0.0,1,0,0.0536,0.0536,0.0536
42,2022-09-22,2022-09-23,0.6646,0.6646,0.6646,0.0,1,0,0.6646,0.6646,0.6646,0.4342,0.4342,0.4342,0.0,1,0,0.4342,0.4342,0.4342,-0.198,-0.198,-0.198,0.0,1,0,-0.198,-0.198,-0.198,0.1098,0.1098,0.1098,0.0,1,0,0.1098,0.1098,0.1098,0.0,0.0,0.0,0.0,1,0,0.0,0.0,0.0,0.0418,0.0418,0.0418,0.0,1,0,0.0418,0.0418,0.0418,0.0546,0.0546,0.0546,0.0,1,0,0.0546,0.0546,0.0546,0.0862,0.0862,0.0862,0.0,1,0,0.0862,0.0862,0.0862,0.0684,0.0684,0.0684,0.0,1,0,0.0684,0.0684,0.0684,0.1339,0.1339,0.1339,0.0,1,0,0.1339,0.1339,0.1339,0.284,0.284,0.284,0.0,1,0,0.284,0.284,0.284,0.3263,0.3263,0.3263,0.0,1,0,0.3263,0.3263,0.3263,0.3394,0.3394,0.3394,0.0,1,0,0.3394,0.3394,0.3394,0.3427,0.3427,0.3427,0.0,1,0,0.3427,0.3427,0.3427,0.3453,0.3453,0.3453,0.0,1,0,0.3453,0.3453,0.3453,0.1954,0.1954,0.1954,0.0,1,0,0.1954,0.1954,0.1954,0.131,0.131,0.131,0.0,1,0,0.131,0.131,0.131
43,2022-10-04,2022-10-05,0.6432,0.6432,0.6432,0.0,1,0,0.6432,0.6432,0.6432,0.4386,0.4386,0.4386,0.0,1,0,0.4386,0.4386,0.4386,-0.1858,-0.1858,-0.1858,0.0,1,0,-0.1858,-0.1858,-0.1858,0.6784,0.6784,0.6784,0.0,1,0,0.6784,0.6784,0.6784,0.0,0.0,0.0,0.0,1,0,0.0,0.0,0.0,0.0432,0.0432,0.0432,0.0,1,0,0.0432,0.0432,0.0432,0.0587,0.0587,0.0587,0.0,1,0,0.0587,0.0587,0.0587,0.0959,0.0959,0.0959,0.0,1,0,0.0959,0.0959,0.0959,0.0836,0.0836,0.0836,0.0,1,0,0.0836,0.0836,0.0836,0.1502,0.1502,0.1502,0.0,1,0,0.1502,0.1502,0.1502,0.321,0.321,0.321,0.0,1,0,0.321,0.321,0.321,0.3689,0.3689,0.3689,0.0,1,0,0.3689,0.3689,0.3689,0.3849,0.3849,0.3849,0.0,1,0,0.3849,0.3849,0.3849,0.3859,0.3859,0.3859,0.0,1,0,0.3859,0.3859,0.3859,0.3861,0.3861,0.3861,0.0,1,0,0.3861,0.3861,0.3861,0.221,0.221,0.221,0.0,1,0,0.221,0.221,0.221,0.1368,0.1368,0.1368,0.0,1,0,0.1368,0.1368,0.1368
44,2022-10-09,2022-10-10,0.555,0.555,0.555,0.0,1,0,0.555,0.555,0.555,0.392,0.392,0.392,0.0,1,0,0.392,0.392,0.392,-0.1842,-0.1842,-0.1842,0.0,1,0,-0.1842,-0.1842,-0.1842,0.353,0.353,0.353,0.0,1,0,0.353,0.353,0.353,0.0,0.0,0.0,0.0,1,0,0.0,0.0,0.0,0.0903,0.0903,0.0903,0.0,1,0,0.0903,0.0903,0.0903,0.1082,0.1082,0.1082,0.0,1,0,0.1082,0.1082,0.1082,0.1426,0.1426,0.1426,0.0,1,0,0.1426,0.1426,0.1426,0.1276,0.1276,0.1276,0.0,1,0,0.1276,0.1276,0.1276,0.1948,0.1948,0.1948,0.0,1,0,0.1948,0.1948,0.1948,0.3697,0.3697,0.3697,0.0,1,0,0.3697,0.3697,0.3697,0.4301,0.4301,0.4301,0.0,1,0,0.4301,0.4301,0.4301,0.446,0.446,0.446,0.0,1,0,0.446,0.446,0.446,0.4397,0.4397,0.4397,0.0,1,0,0.4397,0.4397,0.4397,0.4516,0.4516,0.4516,0.0,1,0,0.4516,0.4516,0.4516,0.2542,0.2542,0.2542,0.0,1,0,0.2542,0.2542,0.2542,0.1842,0.1842,0.1842,0.0,1,0,0.1842,0.1842,0.1842
45,2022-10-12,2022-10-13,0.6084,0.6084,0.6084,0.0,1,0,0.6084,0.6084,0.6084,0.4314,0.4314,0.4314,0.0,1,0,0.4314,0.4314,0.4314,-0.193,-0.193,-0.193,0.0,1,0,-0.193,-0.193,-0.193,0.2432,0.2432,0.2432,0.0,1,0,0.2432,0.2432,0.2432,0.0,0.0,0.0,0.0,1,0,0.0,0.0,0.0,0.0524,0.0524,0.0524,0.0,1,0,0.0524,0.0524,0.0524,0.0731,0.0731,0.0731,0.0,1,0,0.0731,0.0731,0.0731,0.1108,0.1108,0.1108,0.0,1,0,0.1108,0.1108,0.1108,0.1,0.1,0.1,0.0,1,0,0.1,0.1,0.1,0.1632,0.1632,0.1632,0.0,1,0,0.1632,0.1632,0.1632,0.3345,0.3345,0.3345,0.0,1,0,0.3345,0.3345,0.3345,0.3919,0.3919,0.3919,0.0,1,0,0.3919,0.3919,0.3919,0.4108,0.4108,0.4108,0.0,1,0,0.4108,0.4108,0.4108,0.4021,0.4021,0.4021,0.0,1,0,0.4021,0.4021,0.4021,0.41,0.41,0.41,0.0,1,0,0.41,0.41,0.41,0.2273,0.2273,0.2273,0.0,1,0,0.2273,0.2273,0.2273,0.1588,0.1588,0.1588,0.0,1,0,0.1588,0.1588,0.1588
46,2022-11-01,2022-11-02,0.2634,0.2634,0.2634,0.0,1,0,0.2634,0.2634,0.2634,0.1444,0.1444,0.1444,0.0,1,0,0.1444,0.1444,0.1444,0.1376,0.1376,0.1376,0.0,1,0,0.1376,0.1376,0.1376,0.1686,0.1686,0.1686,0.0,1,0,0.1686,0.1686,0.1686,0.0,0.0,0.0,0.0,1,0,0.0,0.0,0.0,0.0317,0.0317,0.0317,0.0,1,0,0.0317,0.0317,0.0317,0.0512,0.0512,0.0512,0.0,1,0,0.0512,0.0512,0.0512,0.0689,0.0689,0.0689,0.0,1,0,0.0689,0.0689,0.0689,0.0839,0.0839,0.0839,0.0,1,0,0.0839,0.0839,0.0839,0.1076,0.1076,0.1076,0.0,1,0,0.1076,0.1076,0.1076,0.1283,0.1283,0.1283,0.0,1,0,0.1283,0.1283,0.1283,0.1397,0.1397,0.1397,0.0,1,0,0.1397,0.1397,0.1397,0.1439,0.1439,0.1439,0.0,1,0,0.1439,0.1439,0.1439,0.1502,0.1502,0.1502,0.0,1,0,0.1502,0.1502,0.1502,0.1528,0.1528,0.1528,0.0,1,0,0.1528,0.1528,0.1528,0.1735,0.1735,0.1735,0.0,1,0,0.1735,0.1735,0.1735,0.1539,0.1539,0.1539,0.0,1,0,0.1539,0.1539,0.1539
47,2022-11-13,2022-11-14,0.2686,0.2686,0.2686,0.0,1,0,0.2686,0.2686,0.2686,0.1774,0.1774,0.1774,0.0,1,0,0.1774,0.1774,0.1774,0.1594,0.1594,0.1594,0.0,1,0,0.1594,0.1594,0.1594,0.2666,0.2666,0.2666,0.0,1,0,0.2666,0.2666,0.2666,0.0,0.0,0.0,0.0,1,0,0.0,0.0,0.0,0.0117,0.0117,0.0117,0.0,1,0,0.0117,0.0117,0.0117,0.0256,0.0256,0.0256,0.0,1,0,0.0256,0.0256,0.0256,0.0443,0.0443,0.0443,0.0,1,0,0.0443,0.0443,0.0443,0.0576,0.0576,0.0576,0.0,1,0,0.0576,0.0576,0.0576,0.0698,0.0698,0.0698,0.0,1,0,0.0698,0.0698,0.0698,0.0856,0.0856,0.0856,0.0,1,0,0.0856,0.0856,0.0856,0.0918,0.0918,0.0918,0.0,1,0,0.0918,0.0918,0.0918,0.0999,0.0999,0.0999,0.0,1,0,0.0999,0.0999,0.0999,0.0997,0.0997,0.0997,0.0,1,0,0.0997,0.0997,0.0997,0.1014,0.1014,0.1014,0.0,1,0,0.1014,0.1014,0.1014,0.1155,0.1155,0.1155,0.0,1,0,0.1155,0.1155,0.1155,0.1029,0.1029,0.1029,0.0,1,0,0.1029,0.1029,0.1029
48,2022-11-18,2022-11-19,0.436,0.436,0.436,0.0,1,0,0.436,0.436,0.436,0.3022,0.3022,0.3022,0.0,1,0,0.3022,0.3022,0.3022,-0.0984,-0.0984,-0.0984,0.0,1,0,-0.0984,-0.0984,-0.0984,0.5882,0.5882,0.5882,0.0,1,0,0.5882,0.5882,0.5882,0.0,0.0,0.0,0.0,1,0,0.0,0.0,0.0,0.0244,0.0244,0.0244,0.0,1,0,0.0244,0.0244,0.0244,0.0397,0.0397,0.0397,0.0,1,0,0.0397,0.0397,0.0397,0.039,0.039,0.039,0.0,1,0,0.039,0.039,0.039,0.0412,0.0412,0.0412,0.0,1,0,0.0412,0.0412,0.0412,0.0562,0.0562,0.0562,0.0,1,0,0.0562,0.0562,0.0562,0.0882,0.0882,0.0882,0.0,1,0,0.0882,0.0882,0.0882,0.0997,0.0997,0.0997,0.0,1,0,0.0997,0.0997,0.0997,0.1049,0.1049,0.1049,0.0,1,0,0.1049,0.1049,0.1049,0.103,0.103,0.103,0.0,1,0,0.103,0.103,0.103,0.0992,0.0992,0.0992,0.0,1,0,0.0992,0.0992,0.0992,0.0775,0.0775,0.0775,0.0,1,0,0.0775,0.0775,0.0775,0.054,0.054,0.054,0.0,1,0,0.054,0.054,0.054
49,2022-11-23,2022-11-24,0.3456,0.3456,0.3456,0.0,1,0,0.3456,0.3456,0.3456,0.2314,0.2314,0.2314,0.0,1,0,0.2314,0.2314,0.2314,0.0338,0.0338,0.0338,0.0,1,0,0.0338,0.0338,0.0338,0.2628,0.2628,0.2628,0.0,1,0,0.2628,0.2628,0.2628,0.0,0.0,0.0,0.0,1,0,0.0,0.0,0.0,0.0199,0.0199,0.0199,0.0,1,0,0.0199,0.0199,0.0199,0.0246,0.0246,0.0246,0.0,1,0,0.0246,0.0246,0.0246,0.0315,0.0315,0.0315,0.0,1,0,0.0315,0.0315,0.0315,0.0388,0.0388,0.0388,0.0,1,0,0.0388,0.0388,0.0388,0.0498,0.0498,0.0498,0.0,1,0,0.0498,0.0498,0.0498,0.0691,0.0691,0.0691,0.0,1,0,0.0691,0.0691,0.0691,0.0744,0.0744,0.0744,0.0,1,0,0.0744,0.0744,0.0744,0.0798,0.0798,0.0798,0.0,1,0,0.0798,0.0798,0.0798,0.0812,0.0812,0.0812,0.0,1,0,0.0812,0.0812,0.0812,0.081,0.081,0.081,0.0,1,0,0.081,0.081,0.081,0.0729,0.0729,0.0729,0.0,1,0,0.0729,0.0729,0.0729,0.0563,0.0563,0.0563,0.0,1,0,0.0563,0.0563,0.0563
